<?xml version="1.0" encoding="UTF-8"?>
<beans xmlns="http://www.springframework.org/schema/beans"
	xmlns:xsi="http://www.w3.org/2001/XMLSchema-instance" xmlns:cache="http://www.springframework.org/schema/cache"
	xmlns:p="http://www.springframework.org/schema/p" xmlns:c="http://www.springframework.org/schema/c"
	xmlns:context="http://www.springframework.org/schema/context"
	xmlns:aop="http://www.springframework.org/schema/aop"
	xsi:schemaLocation="http://www.springframework.org/schema/beans
         http://www.springframework.org/schema/beans/spring-beans-4.0.xsd
         http://www.springframework.org/schema/cache 
         http://www.springframework.org/schema/cache/spring-cache-4.0.xsd
         http://www.springframework.org/schema/context
         http://www.springframework.org/schema/context/spring-context-4.0.xsd">

	<!-- Shiro Filter -->
	<bean id="shiroFilter" class="org.apache.shiro.spring.web.ShiroFilterFactoryBean">
		<property name="securityManager" ref="securityManager" />
		<!-- 设定用户的登录链接，这里为cas登录页面的链接地址可配置回调地址 -->
		<property name="loginUrl" value="${shiro.loginUrl}" />
		<property name="filters">
			<map>
				<!-- 添加casFilter到shiroFilter -->
				<entry key="casFilter" value-ref="casFilter" />
				<entry key="logoutFilter" value-ref="logoutFilter" />
			</map>
		</property>
		<property name="filterChainDefinitions">
			<value>
				/shiro-cas = casFilter
				/logout = logoutFilter
				/users/** = user
			</value>
		</property>
	</bean>

	<bean id="casFilter" class="org.apache.shiro.cas.CasFilter">
		<!-- 配置验证错误时的失败页面 -->
		<property name="failureUrl" value="${shiro.failureUrl}" />
		<property name="successUrl" value="${shiro.successUrl}" />
	</bean>

	<bean id="logoutFilter" class="org.apache.shiro.web.filter.authc.LogoutFilter">
		<!-- 配置验证错误时的失败页面 -->
		<property name="redirectUrl" value="${shiro.logoutUrl}" />
	</bean>

	<bean id="casRealm" class="com.spring.mybatis.realm.UserRealm">
		<!-- 认证通过后的默认角色 -->
		<property name="defaultRoles" value="ROLE_USER" />
		<!-- cas服务端地址前缀 -->
		<property name="casServerUrlPrefix" value="${shiro.cas.serverUrlPrefix}" />
		<!-- 应用服务地址，用来接收cas服务端票据 -->
		<property name="casService" value="${shiro.cas.service}" />
	</bean>

	<!-- Shiro's main business-tier object for web-enabled applications -->
	<bean id="securityManager" class="org.apache.shiro.web.mgt.DefaultWebSecurityManager">
		<!-- <property name="sessionManager" ref="sessionManager" /> -->
		<property name="subjectFactory" ref="casSubjectFactory"></property>
		<property name="realm" ref="casRealm" />
	</bean>

	<bean id="casSubjectFactory" class="org.apache.shiro.cas.CasSubjectFactory"></bean>



	<bean
		class="org.apache.shiro.spring.security.interceptor.AuthorizationAttributeSourceAdvisor">
		<property name="securityManager" ref="securityManager" />
	</bean>


	<!-- <bean id="sessionManager" class="org.apache.shiro.web.session.mgt.DefaultWebSessionManager"> 
		<property name="globalSessionTimeout" value="3600000" /> <property name="sessionDAO" 
		ref="sessionDAO" /> </bean> -->

	<!-- <bean id="sessionDAO" class="com.distinct.web.session.redis.RedisSessionDAO"> 
		<property name="sessionTimeout" value="1800000" /> <property name="redisManager" 
		ref="redisManager" /> </bean> -->

	<bean id="lifecycleBeanPostProcessor" class="org.apache.shiro.spring.LifecycleBeanPostProcessor"></bean>

	<bean
		class="org.springframework.beans.factory.config.MethodInvokingFactoryBean">
		<property name="staticMethod"
			value="org.apache.shiro.SecurityUtils.setSecurityManager"></property>
		<property name="arguments" ref="securityManager"></property>
	</bean>

</beans>