<?xml version="1.0" encoding="UTF-8"?>
<!DOCTYPE mapper PUBLIC "-//mybatis.org//DTD Mapper 3.0//EN" "http://mybatis.org/dtd/mybatis-3-mapper.dtd">
<mapper namespace="com.yuanben.hjjdatatool.aa.mapper.TbRoleMapper">

    <!-- 通用查询映射结果 -->
    <resultMap id="BaseResultMap" type="com.yuanben.hjjdatatool.aa.model.TbRole">
        <id column="id" property="id" />
        <result column="name" property="name" />
        <result column="description" property="description" />
        <result column="admin_count" property="adminCount" />
        <result column="create_time" property="createTime" />
        <result column="status" property="status" />
        <result column="sort" property="sort" />
    </resultMap>

</mapper>
