<?xml version="1.0" encoding="UTF-8"?>
<!DOCTYPE generatorConfiguration PUBLIC "-//mybatis.org//DTD MyBatis Generator Configuration 1.0//EN" "http://mybatis.org/dtd/mybatis-generator-config_1_0.dtd" >
<generatorConfiguration>
	<classPathEntry location="${classPathEntry.location}" />
	<context id="context">
		<commentGenerator>
			<property name="suppressAllComments" value="true" />
			<property name="suppressDate" value="true" />
		</commentGenerator>
		<!-- jdbc连接信息 -->
		<jdbcConnection driverClass="${jdbc.driverClass}"
			connectionURL="${jdbc.connectionURL}" userId="${jdbc.user}" password="${jdbc.password}" />
		<!-- 生成对象 -->
		<javaModelGenerator targetProject="${model.target.dir}" targetPackage="com.spring.mybatis.model">
			<property name="enableSubPackages" value="true" />
		</javaModelGenerator>
		<!-- 生成用于查询的Example对象 -->
		<sqlMapGenerator targetProject="${mapper.target.dir}" targetPackage="mapper">
			<property name="enableSubPackages" value="true" />
		</sqlMapGenerator>
		<!-- 生成DAO的类文件以及配置文件 -->
		<javaClientGenerator targetProject="${dao.target.dir}" targetPackage="com.spring.mybatis.dao" 
			type="XMLMAPPER">
			<property name="enableSubPackages" value="true" />
		</javaClientGenerator>
		
		<!-- 想要生成的数据库表,自动化工具会根据该表的结构生成相应的vo对象 -->
		
		<!-- <table tableName="t_user" domainObjectName="User" enableCountByExample="false"
				enableUpdateByExample="false" enableDeleteByExample="false"
				enableSelectByExample="false" selectByExampleQueryId="false">
		   <generatedKey column="id" sqlStatement="MySql" identity="true" />
		   
		</table> -->
		
		<table tableName="t_role" domainObjectName="Role" enableCountByExample="false"
				enableUpdateByExample="false" enableDeleteByExample="false"
				enableSelectByExample="false" selectByExampleQueryId="false">
		   <generatedKey column="id" sqlStatement="MySql" identity="true" />
		   
		</table>
		
		<table tableName="t_user_role" domainObjectName="UserRole" enableCountByExample="false"
				enableUpdateByExample="false" enableDeleteByExample="false"
				enableSelectByExample="false" selectByExampleQueryId="false">
		   <generatedKey column="id" sqlStatement="MySql" identity="true" />
		   
		</table>
		
		<table tableName="t_permission" domainObjectName="Permission" enableCountByExample="false"
				enableUpdateByExample="false" enableDeleteByExample="false"
				enableSelectByExample="false" selectByExampleQueryId="false">
		   <generatedKey column="id" sqlStatement="MySql" identity="true" />
		   
		</table>
		
		<table tableName="t_role_permission" domainObjectName="RolePermission" enableCountByExample="false"
				enableUpdateByExample="false" enableDeleteByExample="false"
				enableSelectByExample="false" selectByExampleQueryId="false">
		   <generatedKey column="id" sqlStatement="MySql" identity="true" />
		   
		</table>
		
		
	</context>
</generatorConfiguration>